Crime Type,District,Crime Count,
ARSON,1,87,
ARSON,10,35,
ARSON,11,35,
ARSON,12,7,
ARSON,13,27,
ARSON,14,92,
ARSON,15,133,
ARSON,16,139,
ARSON,17,64,
ARSON,18,31,
ARSON,19,337,
ARSON,2,95,
ARSON,20,140,
ARSON,21,142,
ARSON,22,266,
ARSON,23,405,
ARSON,24,293,
ARSON,25,577,
ARSON,26,149,
ARSON,27,132,
ARSON,28,91,
ARSON,29,277,
ARSON,3,66,
ARSON,30,275,
ARSON,31,127,
ARSON,32,22,
ARSON,33,29,
ARSON,34,34,
ARSON,35,36,
ARSON,36,18,
ARSON,37,20,
ARSON,38,70,
ARSON,39,31,
ARSON,4,34,
ARSON,40,58,
ARSON,41,24,
ARSON,42,112,
ARSON,43,233,
ARSON,44,139,
ARSON,45,48,
ARSON,46,178,
ARSON,47,29,
ARSON,48,29,
ARSON,49,275,
ARSON,5,44,
ARSON,50,31,
ARSON,51,71,
ARSON,52,77,
ARSON,53,217,
ARSON,54,35,
ARSON,55,40,
ARSON,56,87,
ARSON,57,50,
ARSON,58,160,
ARSON,59,67,
ARSON,6,82,
ARSON,60,102,
ARSON,61,281,
ARSON,62,56,
ARSON,63,195,
ARSON,64,48,
ARSON,65,98,
ARSON,66,285,
ARSON,67,355,
ARSON,68,303,
ARSON,69,207,
ARSON,7,45,
ARSON,70,90,
ARSON,71,233,
ARSON,72,22,
ARSON,73,91,
ARSON,74,14,
ARSON,75,62,
ARSON,76,7,
ARSON,77,58,
ARSON,8,54,
ARSON,9,8,
ASSAULT,,39903,
ASSAULT,0,3,
ASSAULT,1,4976,
ASSAULT,10,1296,
ASSAULT,11,1244,
ASSAULT,12,430,
ASSAULT,13,812,
ASSAULT,14,2676,
ASSAULT,15,3630,
ASSAULT,16,3308,
ASSAULT,17,1890,
ASSAULT,18,731,
ASSAULT,19,6273,
ASSAULT,2,3636,
ASSAULT,20,2110,
ASSAULT,21,3042,
ASSAULT,22,6271,
ASSAULT,23,10980,
ASSAULT,24,7901,
ASSAULT,25,21013,
ASSAULT,26,5451,
ASSAULT,27,6906,
ASSAULT,28,8646,
ASSAULT,29,9731,
ASSAULT,3,4967,
ASSAULT,30,6333,
ASSAULT,31,3903,
ASSAULT,32,4938,
ASSAULT,33,2005,
ASSAULT,34,941,
ASSAULT,35,3815,
ASSAULT,36,953,
ASSAULT,37,1243,
ASSAULT,38,5598,
ASSAULT,39,2257,
ASSAULT,4,1897,
ASSAULT,40,4440,
ASSAULT,41,1742,
ASSAULT,42,6713,
ASSAULT,43,12815,
ASSAULT,44,7646,
ASSAULT,45,2148,
ASSAULT,46,8584,
ASSAULT,47,652,
ASSAULT,48,1932,
ASSAULT,49,11348,
ASSAULT,5,1366,
ASSAULT,50,2196,
ASSAULT,51,3032,
ASSAULT,52,2229,
ASSAULT,53,7134,
ASSAULT,54,2499,
ASSAULT,55,898,
ASSAULT,56,2525,
ASSAULT,57,965,
ASSAULT,58,3038,
ASSAULT,59,1330,
ASSAULT,6,3571,
ASSAULT,60,2487,
ASSAULT,61,8253,
ASSAULT,62,1088,
ASSAULT,63,2999,
ASSAULT,64,1387,
ASSAULT,65,1894,
ASSAULT,66,9286,
ASSAULT,67,12125,
ASSAULT,68,11725,
ASSAULT,69,10077,
ASSAULT,7,2264,
ASSAULT,70,3415,
ASSAULT,71,11133,
ASSAULT,72,1026,
ASSAULT,73,4608,
ASSAULT,74,898,
ASSAULT,75,3088,
ASSAULT,76,1045,
ASSAULT,77,2982,
ASSAULT,8,6595,
ASSAULT,9,285,
BATTERY,,118594,
BATTERY,0,13,
BATTERY,1,15917,
BATTERY,10,3364,
BATTERY,11,3223,
BATTERY,12,1001,
BATTERY,13,2243,
BATTERY,14,9100,
BATTERY,15,10837,
BATTERY,16,10733,
BATTERY,17,5024,
BATTERY,18,2023,
BATTERY,19,17796,
BATTERY,2,10706,
BATTERY,20,6669,
BATTERY,21,8455,
BATTERY,22,18033,
BATTERY,23,35286,
BATTERY,24,22365,
BATTERY,25,71028,
BATTERY,26,19978,
BATTERY,27,22048,
BATTERY,28,23731,
BATTERY,29,34758,
BATTERY,3,13817,
BATTERY,30,19177,
BATTERY,31,9625,
BATTERY,32,10018,
BATTERY,33,5889,
BATTERY,34,3034,
BATTERY,35,11932,
BATTERY,36,2676,
BATTERY,37,3439,
BATTERY,38,16922,
BATTERY,39,6076,
BATTERY,4,5847,
BATTERY,40,14823,
BATTERY,41,4187,
BATTERY,42,19773,
BATTERY,43,39647,
BATTERY,44,22089,
BATTERY,45,5595,
BATTERY,46,23104,
BATTERY,47,1689,
BATTERY,48,5026,
BATTERY,49,31846,
BATTERY,5,3514,
BATTERY,50,4996,
BATTERY,51,6743,
BATTERY,52,5093,
BATTERY,53,20441,
BATTERY,54,7344,
BATTERY,55,2123,
BATTERY,56,6528,
BATTERY,57,2651,
BATTERY,58,9855,
BATTERY,59,3478,
BATTERY,6,13334,
BATTERY,60,5940,
BATTERY,61,25253,
BATTERY,62,2775,
BATTERY,63,8955,
BATTERY,64,3528,
BATTERY,65,5287,
BATTERY,66,27762,
BATTERY,67,39437,
BATTERY,68,37833,
BATTERY,69,30776,
BATTERY,7,7868,
BATTERY,70,8092,
BATTERY,71,33464,
BATTERY,72,2264,
BATTERY,73,12389,
BATTERY,74,1881,
BATTERY,75,8131,
BATTERY,76,2742,
BATTERY,77,8933,
BATTERY,8,24093,
BATTERY,9,890,
BURGLARY,,32595,
BURGLARY,1,4614,
BURGLARY,10,1495,
BURGLARY,11,1513,
BURGLARY,12,1141,
BURGLARY,13,1773,
BURGLARY,14,3291,
BURGLARY,15,4847,
BURGLARY,16,5193,
BURGLARY,17,2934,
BURGLARY,18,1175,
BURGLARY,19,7982,
BURGLARY,2,5272,
BURGLARY,20,2514,
BURGLARY,21,4301,
BURGLARY,22,9588,
BURGLARY,23,7497,
BURGLARY,24,12759,
BURGLARY,25,14440,
BURGLARY,26,3128,
BURGLARY,27,3402,
BURGLARY,28,5280,
BURGLARY,29,6449,
BURGLARY,3,3186,
BURGLARY,30,4292,
BURGLARY,31,2588,
BURGLARY,32,1784,
BURGLARY,33,1150,
BURGLARY,34,994,
BURGLARY,35,1479,
BURGLARY,36,680,
BURGLARY,37,699,
BURGLARY,38,4364,
BURGLARY,39,1953,
BURGLARY,4,2747,
BURGLARY,40,3493,
BURGLARY,41,2799,
BURGLARY,42,5931,
BURGLARY,43,14559,
BURGLARY,44,7510,
BURGLARY,45,1981,
BURGLARY,46,7298,
BURGLARY,47,757,
BURGLARY,48,2181,
BURGLARY,49,9582,
BURGLARY,5,3280,
BURGLARY,50,1056,
BURGLARY,51,2337,
BURGLARY,52,2144,
BURGLARY,53,6688,
BURGLARY,54,1191,
BURGLARY,55,884,
BURGLARY,56,3157,
BURGLARY,57,1691,
BURGLARY,58,4227,
BURGLARY,59,1664,
BURGLARY,6,8724,
BURGLARY,60,2984,
BURGLARY,61,6590,
BURGLARY,62,2086,
BURGLARY,63,3937,
BURGLARY,64,1892,
BURGLARY,65,3250,
BURGLARY,66,10622,
BURGLARY,67,10740,
BURGLARY,68,9575,
BURGLARY,69,8316,
BURGLARY,7,6797,
BURGLARY,70,4495,
BURGLARY,71,11225,
BURGLARY,72,1833,
BURGLARY,73,4183,
BURGLARY,74,582,
BURGLARY,75,2969,
BURGLARY,76,367,
BURGLARY,77,3263,
BURGLARY,8,4373,
BURGLARY,9,293,
CONCEALED CARRY LICENSE VIOLATION,14,1,
CONCEALED CARRY LICENSE VIOLATION,19,2,
CONCEALED CARRY LICENSE VIOLATION,2,1,
CONCEALED CARRY LICENSE VIOLATION,23,1,
CONCEALED CARRY LICENSE VIOLATION,25,6,
CONCEALED CARRY LICENSE VIOLATION,26,5,
CONCEALED CARRY LICENSE VIOLATION,27,4,
CONCEALED CARRY LICENSE VIOLATION,28,3,
CONCEALED CARRY LICENSE VIOLATION,29,1,
CONCEALED CARRY LICENSE VIOLATION,3,1,
CONCEALED CARRY LICENSE VIOLATION,31,1,
CONCEALED CARRY LICENSE VIOLATION,33,1,
CONCEALED CARRY LICENSE VIOLATION,4,1,
CONCEALED CARRY LICENSE VIOLATION,42,1,
CONCEALED CARRY LICENSE VIOLATION,43,1,
CONCEALED CARRY LICENSE VIOLATION,44,3,
CONCEALED CARRY LICENSE VIOLATION,47,1,
CONCEALED CARRY LICENSE VIOLATION,49,1,
CONCEALED CARRY LICENSE VIOLATION,50,1,
CONCEALED CARRY LICENSE VIOLATION,51,1,
CONCEALED CARRY LICENSE VIOLATION,53,3,
CONCEALED CARRY LICENSE VIOLATION,56,12,
CONCEALED CARRY LICENSE VIOLATION,60,1,
CONCEALED CARRY LICENSE VIOLATION,63,1,
CONCEALED CARRY LICENSE VIOLATION,67,6,
CONCEALED CARRY LICENSE VIOLATION,68,3,
CONCEALED CARRY LICENSE VIOLATION,69,2,
CONCEALED CARRY LICENSE VIOLATION,71,1,
CONCEALED CARRY LICENSE VIOLATION,76,9,
CONCEALED CARRY LICENSE VIOLATION,8,5,
CRIM SEXUAL ASSAULT,,2089,
CRIM SEXUAL ASSAULT,0,1,
CRIM SEXUAL ASSAULT,1,370,
CRIM SEXUAL ASSAULT,10,72,
CRIM SEXUAL ASSAULT,11,40,
CRIM SEXUAL ASSAULT,12,20,
CRIM SEXUAL ASSAULT,13,64,
CRIM SEXUAL ASSAULT,14,202,
CRIM SEXUAL ASSAULT,15,208,
CRIM SEXUAL ASSAULT,16,259,
CRIM SEXUAL ASSAULT,17,75,
CRIM SEXUAL ASSAULT,18,35,
CRIM SEXUAL ASSAULT,19,412,
CRIM SEXUAL ASSAULT,2,226,
CRIM SEXUAL ASSAULT,20,157,
CRIM SEXUAL ASSAULT,21,203,
CRIM SEXUAL ASSAULT,22,438,
CRIM SEXUAL ASSAULT,23,633,
CRIM SEXUAL ASSAULT,24,458,
CRIM SEXUAL ASSAULT,25,1433,
CRIM SEXUAL ASSAULT,26,352,
CRIM SEXUAL ASSAULT,27,356,
CRIM SEXUAL ASSAULT,28,501,
CRIM SEXUAL ASSAULT,29,625,
CRIM SEXUAL ASSAULT,3,374,
CRIM SEXUAL ASSAULT,30,390,
CRIM SEXUAL ASSAULT,31,175,
CRIM SEXUAL ASSAULT,32,246,
CRIM SEXUAL ASSAULT,33,93,
CRIM SEXUAL ASSAULT,34,39,
CRIM SEXUAL ASSAULT,35,227,
CRIM SEXUAL ASSAULT,36,55,
CRIM SEXUAL ASSAULT,37,70,
CRIM SEXUAL ASSAULT,38,344,
CRIM SEXUAL ASSAULT,39,132,
CRIM SEXUAL ASSAULT,4,133,
CRIM SEXUAL ASSAULT,40,265,
CRIM SEXUAL ASSAULT,41,145,
CRIM SEXUAL ASSAULT,42,428,
CRIM SEXUAL ASSAULT,43,872,
CRIM SEXUAL ASSAULT,44,485,
CRIM SEXUAL ASSAULT,45,144,
CRIM SEXUAL ASSAULT,46,465,
CRIM SEXUAL ASSAULT,47,43,
CRIM SEXUAL ASSAULT,48,138,
CRIM SEXUAL ASSAULT,49,698,
CRIM SEXUAL ASSAULT,5,106,
CRIM SEXUAL ASSAULT,50,93,
CRIM SEXUAL ASSAULT,51,137,
CRIM SEXUAL ASSAULT,52,99,
CRIM SEXUAL ASSAULT,53,467,
CRIM SEXUAL ASSAULT,54,127,
CRIM SEXUAL ASSAULT,55,40,
CRIM SEXUAL ASSAULT,56,142,
CRIM SEXUAL ASSAULT,57,83,
CRIM SEXUAL ASSAULT,58,230,
CRIM SEXUAL ASSAULT,59,60,
CRIM SEXUAL ASSAULT,6,426,
CRIM SEXUAL ASSAULT,60,120,
CRIM SEXUAL ASSAULT,61,485,
CRIM SEXUAL ASSAULT,62,66,
CRIM SEXUAL ASSAULT,63,224,
CRIM SEXUAL ASSAULT,64,57,
CRIM SEXUAL ASSAULT,65,128,
CRIM SEXUAL ASSAULT,66,596,
CRIM SEXUAL ASSAULT,67,794,
CRIM SEXUAL ASSAULT,68,762,
CRIM SEXUAL ASSAULT,69,660,
CRIM SEXUAL ASSAULT,7,258,
CRIM SEXUAL ASSAULT,70,194,
CRIM SEXUAL ASSAULT,71,692,
CRIM SEXUAL ASSAULT,72,50,
CRIM SEXUAL ASSAULT,73,298,
CRIM SEXUAL ASSAULT,74,43,
CRIM SEXUAL ASSAULT,75,151,
CRIM SEXUAL ASSAULT,76,42,
CRIM SEXUAL ASSAULT,77,208,
CRIM SEXUAL ASSAULT,8,556,
CRIM SEXUAL ASSAULT,9,14,
CRIMINAL DAMAGE,,71709,
CRIMINAL DAMAGE,0,15,
CRIMINAL DAMAGE,1,10137,
CRIMINAL DAMAGE,10,4416,
CRIMINAL DAMAGE,11,3732,
CRIMINAL DAMAGE,12,2078,
CRIMINAL DAMAGE,13,2736,
CRIMINAL DAMAGE,14,7241,
CRIMINAL DAMAGE,15,10947,
CRIMINAL DAMAGE,16,10038,
CRIMINAL DAMAGE,17,6377,
CRIMINAL DAMAGE,18,2187,
CRIMINAL DAMAGE,19,14284,
CRIMINAL DAMAGE,2,10835,
CRIMINAL DAMAGE,20,4385,
CRIMINAL DAMAGE,21,7136,
CRIMINAL DAMAGE,22,14739,
CRIMINAL DAMAGE,23,16456,
CRIMINAL DAMAGE,24,21958,
CRIMINAL DAMAGE,25,31211,
CRIMINAL DAMAGE,26,7941,
CRIMINAL DAMAGE,27,8649,
CRIMINAL DAMAGE,28,15269,
CRIMINAL DAMAGE,29,14892,
CRIMINAL DAMAGE,3,7715,
CRIMINAL DAMAGE,30,11212,
CRIMINAL DAMAGE,31,7758,
CRIMINAL DAMAGE,32,5762,
CRIMINAL DAMAGE,33,3166,
CRIMINAL DAMAGE,34,2533,
CRIMINAL DAMAGE,35,4455,
CRIMINAL DAMAGE,36,1442,
CRIMINAL DAMAGE,37,1629,
CRIMINAL DAMAGE,38,8204,
CRIMINAL DAMAGE,39,3578,
CRIMINAL DAMAGE,4,5723,
CRIMINAL DAMAGE,40,6354,
CRIMINAL DAMAGE,41,3572,
CRIMINAL DAMAGE,42,10091,
CRIMINAL DAMAGE,43,21312,
CRIMINAL DAMAGE,44,12051,
CRIMINAL DAMAGE,45,3254,
CRIMINAL DAMAGE,46,12899,
CRIMINAL DAMAGE,47,1176,
CRIMINAL DAMAGE,48,4034,
CRIMINAL DAMAGE,49,17857,
CRIMINAL DAMAGE,5,4756,
CRIMINAL DAMAGE,50,2712,
CRIMINAL DAMAGE,51,5217,
CRIMINAL DAMAGE,52,5773,
CRIMINAL DAMAGE,53,12291,
CRIMINAL DAMAGE,54,3345,
CRIMINAL DAMAGE,55,1991,
CRIMINAL DAMAGE,56,7684,
CRIMINAL DAMAGE,57,3567,
CRIMINAL DAMAGE,58,7961,
CRIMINAL DAMAGE,59,3884,
CRIMINAL DAMAGE,6,11755,
CRIMINAL DAMAGE,60,6660,
CRIMINAL DAMAGE,61,13025,
CRIMINAL DAMAGE,62,4140,
CRIMINAL DAMAGE,63,7818,
CRIMINAL DAMAGE,64,4518,
CRIMINAL DAMAGE,65,6758,
CRIMINAL DAMAGE,66,17439,
CRIMINAL DAMAGE,67,18971,
CRIMINAL DAMAGE,68,16522,
CRIMINAL DAMAGE,69,14963,
CRIMINAL DAMAGE,7,10432,
CRIMINAL DAMAGE,70,8221,
CRIMINAL DAMAGE,71,17653,
CRIMINAL DAMAGE,72,3040,
CRIMINAL DAMAGE,73,8237,
CRIMINAL DAMAGE,74,2117,
CRIMINAL DAMAGE,75,5685,
CRIMINAL DAMAGE,76,2516,
CRIMINAL DAMAGE,77,6246,
CRIMINAL DAMAGE,8,12175,
CRIMINAL DAMAGE,9,1160,
CRIMINAL TRESPASS,,17532,
CRIMINAL TRESPASS,0,5,
CRIMINAL TRESPASS,1,3414,
CRIMINAL TRESPASS,10,570,
CRIMINAL TRESPASS,11,588,
CRIMINAL TRESPASS,12,186,
CRIMINAL TRESPASS,13,399,
CRIMINAL TRESPASS,14,1264,
CRIMINAL TRESPASS,15,1545,
CRIMINAL TRESPASS,16,1287,
CRIMINAL TRESPASS,17,700,
CRIMINAL TRESPASS,18,167,
CRIMINAL TRESPASS,19,2026,
CRIMINAL TRESPASS,2,1374,
CRIMINAL TRESPASS,20,550,
CRIMINAL TRESPASS,21,1030,
CRIMINAL TRESPASS,22,2233,
CRIMINAL TRESPASS,23,2846,
CRIMINAL TRESPASS,24,3491,
CRIMINAL TRESPASS,25,6754,
CRIMINAL TRESPASS,26,1431,
CRIMINAL TRESPASS,27,1970,
CRIMINAL TRESPASS,28,8842,
CRIMINAL TRESPASS,29,3045,
CRIMINAL TRESPASS,3,3361,
CRIMINAL TRESPASS,30,1436,
CRIMINAL TRESPASS,31,1301,
CRIMINAL TRESPASS,32,6405,
CRIMINAL TRESPASS,33,7021,
CRIMINAL TRESPASS,34,955,
CRIMINAL TRESPASS,35,5702,
CRIMINAL TRESPASS,36,501,
CRIMINAL TRESPASS,37,921,
CRIMINAL TRESPASS,38,2701,
CRIMINAL TRESPASS,39,881,
CRIMINAL TRESPASS,4,991,
CRIMINAL TRESPASS,40,2384,
CRIMINAL TRESPASS,41,977,
CRIMINAL TRESPASS,42,4590,
CRIMINAL TRESPASS,43,4728,
CRIMINAL TRESPASS,44,3048,
CRIMINAL TRESPASS,45,510,
CRIMINAL TRESPASS,46,2541,
CRIMINAL TRESPASS,47,162,
CRIMINAL TRESPASS,48,588,
CRIMINAL TRESPASS,49,3827,
CRIMINAL TRESPASS,5,1558,
CRIMINAL TRESPASS,50,664,
CRIMINAL TRESPASS,51,1065,
CRIMINAL TRESPASS,52,486,
CRIMINAL TRESPASS,53,1714,
CRIMINAL TRESPASS,54,823,
CRIMINAL TRESPASS,55,249,
CRIMINAL TRESPASS,56,1156,
CRIMINAL TRESPASS,57,265,
CRIMINAL TRESPASS,58,860,
CRIMINAL TRESPASS,59,398,
CRIMINAL TRESPASS,6,3140,
CRIMINAL TRESPASS,60,925,
CRIMINAL TRESPASS,61,2441,
CRIMINAL TRESPASS,62,438,
CRIMINAL TRESPASS,63,886,
CRIMINAL TRESPASS,64,372,
CRIMINAL TRESPASS,65,617,
CRIMINAL TRESPASS,66,3080,
CRIMINAL TRESPASS,67,3364,
CRIMINAL TRESPASS,68,3505,
CRIMINAL TRESPASS,69,5096,
CRIMINAL TRESPASS,7,2719,
CRIMINAL TRESPASS,70,963,
CRIMINAL TRESPASS,71,4526,
CRIMINAL TRESPASS,72,548,
CRIMINAL TRESPASS,73,1603,
CRIMINAL TRESPASS,74,340,
CRIMINAL TRESPASS,75,1123,
CRIMINAL TRESPASS,76,2519,
CRIMINAL TRESPASS,77,1733,
CRIMINAL TRESPASS,8,11652,
CRIMINAL TRESPASS,9,122,
DECEPTIVE PRACTICE,,17904,
DECEPTIVE PRACTICE,0,11,
DECEPTIVE PRACTICE,1,3278,
DECEPTIVE PRACTICE,10,1482,
DECEPTIVE PRACTICE,11,1294,
DECEPTIVE PRACTICE,12,612,
DECEPTIVE PRACTICE,13,849,
DECEPTIVE PRACTICE,14,1642,
DECEPTIVE PRACTICE,15,3078,
DECEPTIVE PRACTICE,16,2129,
DECEPTIVE PRACTICE,17,1609,
DECEPTIVE PRACTICE,18,525,
DECEPTIVE PRACTICE,19,3423,
DECEPTIVE PRACTICE,2,2961,
DECEPTIVE PRACTICE,20,914,
DECEPTIVE PRACTICE,21,2042,
DECEPTIVE PRACTICE,22,3973,
DECEPTIVE PRACTICE,23,3221,
DECEPTIVE PRACTICE,24,5675,
DECEPTIVE PRACTICE,25,8011,
DECEPTIVE PRACTICE,26,3383,
DECEPTIVE PRACTICE,27,2404,
DECEPTIVE PRACTICE,28,7386,
DECEPTIVE PRACTICE,29,2663,
DECEPTIVE PRACTICE,3,4682,
DECEPTIVE PRACTICE,30,1933,
DECEPTIVE PRACTICE,31,1611,
DECEPTIVE PRACTICE,32,13782,
DECEPTIVE PRACTICE,33,2143,
DECEPTIVE PRACTICE,34,1470,
DECEPTIVE PRACTICE,35,1955,
DECEPTIVE PRACTICE,36,314,
DECEPTIVE PRACTICE,37,830,
DECEPTIVE PRACTICE,38,1867,
DECEPTIVE PRACTICE,39,1190,
DECEPTIVE PRACTICE,4,1987,
DECEPTIVE PRACTICE,40,967,
DECEPTIVE PRACTICE,41,2012,
DECEPTIVE PRACTICE,42,2156,
DECEPTIVE PRACTICE,43,5154,
DECEPTIVE PRACTICE,44,5003,
DECEPTIVE PRACTICE,45,1049,
DECEPTIVE PRACTICE,46,2451,
DECEPTIVE PRACTICE,47,166,
DECEPTIVE PRACTICE,48,1196,
DECEPTIVE PRACTICE,49,3971,
DECEPTIVE PRACTICE,5,2013,
DECEPTIVE PRACTICE,50,755,
DECEPTIVE PRACTICE,51,1324,
DECEPTIVE PRACTICE,52,783,
DECEPTIVE PRACTICE,53,1937,
DECEPTIVE PRACTICE,54,286,
DECEPTIVE PRACTICE,55,453,
DECEPTIVE PRACTICE,56,2672,
DECEPTIVE PRACTICE,57,735,
DECEPTIVE PRACTICE,58,1565,
DECEPTIVE PRACTICE,59,807,
DECEPTIVE PRACTICE,6,8097,
DECEPTIVE PRACTICE,60,1202,
DECEPTIVE PRACTICE,61,2478,
DECEPTIVE PRACTICE,62,919,
DECEPTIVE PRACTICE,63,1293,
DECEPTIVE PRACTICE,64,1070,
DECEPTIVE PRACTICE,65,1578,
DECEPTIVE PRACTICE,66,3626,
DECEPTIVE PRACTICE,67,2988,
DECEPTIVE PRACTICE,68,2791,
DECEPTIVE PRACTICE,69,3942,
DECEPTIVE PRACTICE,7,5416,
DECEPTIVE PRACTICE,70,2105,
DECEPTIVE PRACTICE,71,4274,
DECEPTIVE PRACTICE,72,1401,
DECEPTIVE PRACTICE,73,2217,
DECEPTIVE PRACTICE,74,783,
DECEPTIVE PRACTICE,75,1905,
DECEPTIVE PRACTICE,76,2318,
DECEPTIVE PRACTICE,77,2998,
DECEPTIVE PRACTICE,8,16448,
DECEPTIVE PRACTICE,9,357,
DOMESTIC VIOLENCE,,1,
GAMBLING,,1124,
GAMBLING,1,167,
GAMBLING,10,14,
GAMBLING,11,17,
GAMBLING,12,13,
GAMBLING,13,27,
GAMBLING,14,61,
GAMBLING,15,31,
GAMBLING,16,41,
GAMBLING,17,38,
GAMBLING,18,13,
GAMBLING,19,59,
GAMBLING,2,70,
GAMBLING,20,10,
GAMBLING,21,29,
GAMBLING,22,30,
GAMBLING,23,855,
GAMBLING,24,97,
GAMBLING,25,2358,
GAMBLING,26,408,
GAMBLING,27,450,
GAMBLING,28,211,
GAMBLING,29,943,
GAMBLING,3,94,
GAMBLING,30,42,
GAMBLING,31,9,
GAMBLING,32,20,
GAMBLING,33,32,
GAMBLING,34,87,
GAMBLING,35,127,
GAMBLING,36,28,
GAMBLING,37,49,
GAMBLING,38,227,
GAMBLING,39,69,
GAMBLING,4,56,
GAMBLING,40,259,
GAMBLING,41,32,
GAMBLING,42,434,
GAMBLING,43,496,
GAMBLING,44,188,
GAMBLING,45,35,
GAMBLING,46,194,
GAMBLING,47,47,
GAMBLING,48,38,
GAMBLING,49,349,
GAMBLING,5,30,
GAMBLING,50,26,
GAMBLING,51,66,
GAMBLING,52,7,
GAMBLING,53,180,
GAMBLING,54,44,
GAMBLING,55,11,
GAMBLING,56,35,
GAMBLING,57,8,
GAMBLING,58,18,
GAMBLING,59,11,
GAMBLING,6,18,
GAMBLING,60,20,
GAMBLING,61,384,
GAMBLING,62,8,
GAMBLING,63,37,
GAMBLING,64,17,
GAMBLING,65,27,
GAMBLING,66,445,
GAMBLING,67,780,
GAMBLING,68,607,
GAMBLING,69,338,
GAMBLING,7,16,
GAMBLING,70,55,
GAMBLING,71,488,
GAMBLING,72,4,
GAMBLING,73,154,
GAMBLING,74,3,
GAMBLING,75,64,
GAMBLING,76,1,
GAMBLING,77,52,
GAMBLING,8,98,
GAMBLING,9,3,
HOMICIDE,,386,
HOMICIDE,1,81,
HOMICIDE,10,7,
HOMICIDE,11,12,
HOMICIDE,12,4,
HOMICIDE,13,7,
HOMICIDE,14,59,
HOMICIDE,15,29,
HOMICIDE,16,45,
HOMICIDE,17,13,
HOMICIDE,18,7,
HOMICIDE,19,97,
HOMICIDE,2,39,
HOMICIDE,20,40,
HOMICIDE,21,60,
HOMICIDE,22,121,
HOMICIDE,23,355,
HOMICIDE,24,134,
HOMICIDE,25,636,
HOMICIDE,26,235,
HOMICIDE,27,185,
HOMICIDE,28,162,
HOMICIDE,29,308,
HOMICIDE,3,76,
HOMICIDE,30,239,
HOMICIDE,31,96,
HOMICIDE,32,15,
HOMICIDE,33,33,
HOMICIDE,34,15,
HOMICIDE,35,64,
HOMICIDE,36,18,
HOMICIDE,37,29,
HOMICIDE,38,135,
HOMICIDE,39,27,
HOMICIDE,4,13,
HOMICIDE,40,118,
HOMICIDE,41,18,
HOMICIDE,42,137,
HOMICIDE,43,307,
HOMICIDE,44,214,
HOMICIDE,45,43,
HOMICIDE,46,211,
HOMICIDE,47,25,
HOMICIDE,48,41,
HOMICIDE,49,253,
HOMICIDE,5,16,
HOMICIDE,50,26,
HOMICIDE,51,62,
HOMICIDE,52,25,
HOMICIDE,53,200,
HOMICIDE,54,52,
HOMICIDE,55,13,
HOMICIDE,56,41,
HOMICIDE,57,19,
HOMICIDE,58,96,
HOMICIDE,59,20,
HOMICIDE,6,35,
HOMICIDE,60,34,
HOMICIDE,61,270,
HOMICIDE,62,21,
HOMICIDE,63,112,
HOMICIDE,64,13,
HOMICIDE,65,30,
HOMICIDE,66,229,
HOMICIDE,67,352,
HOMICIDE,68,343,
HOMICIDE,69,296,
HOMICIDE,7,14,
HOMICIDE,70,66,
HOMICIDE,71,249,
HOMICIDE,72,10,
HOMICIDE,73,128,
HOMICIDE,74,2,
HOMICIDE,75,59,
HOMICIDE,76,4,
HOMICIDE,77,46,
HOMICIDE,8,82,
HOMICIDE,9,1,
HUMAN TRAFFICKING,23,1,
HUMAN TRAFFICKING,25,2,
HUMAN TRAFFICKING,26,2,
HUMAN TRAFFICKING,28,4,
HUMAN TRAFFICKING,32,1,
HUMAN TRAFFICKING,35,1,
HUMAN TRAFFICKING,38,1,
HUMAN TRAFFICKING,40,1,
HUMAN TRAFFICKING,42,1,
HUMAN TRAFFICKING,43,1,
HUMAN TRAFFICKING,46,1,
HUMAN TRAFFICKING,49,3,
HUMAN TRAFFICKING,6,1,
HUMAN TRAFFICKING,60,1,
HUMAN TRAFFICKING,67,3,
HUMAN TRAFFICKING,68,1,
HUMAN TRAFFICKING,69,1,
HUMAN TRAFFICKING,71,2,
INTERFERENCE WITH PUBLIC OFFICER,,508,
INTERFERENCE WITH PUBLIC OFFICER,1,238,
INTERFERENCE WITH PUBLIC OFFICER,10,18,
INTERFERENCE WITH PUBLIC OFFICER,11,35,
INTERFERENCE WITH PUBLIC OFFICER,12,9,
INTERFERENCE WITH PUBLIC OFFICER,13,20,
INTERFERENCE WITH PUBLIC OFFICER,14,102,
INTERFERENCE WITH PUBLIC OFFICER,15,116,
INTERFERENCE WITH PUBLIC OFFICER,16,87,
INTERFERENCE WITH PUBLIC OFFICER,17,41,
INTERFERENCE WITH PUBLIC OFFICER,18,14,
INTERFERENCE WITH PUBLIC OFFICER,19,316,
INTERFERENCE WITH PUBLIC OFFICER,2,125,
INTERFERENCE WITH PUBLIC OFFICER,20,110,
INTERFERENCE WITH PUBLIC OFFICER,21,70,
INTERFERENCE WITH PUBLIC OFFICER,22,167,
INTERFERENCE WITH PUBLIC OFFICER,23,590,
INTERFERENCE WITH PUBLIC OFFICER,24,191,
INTERFERENCE WITH PUBLIC OFFICER,25,1290,
INTERFERENCE WITH PUBLIC OFFICER,26,430,
INTERFERENCE WITH PUBLIC OFFICER,27,344,
INTERFERENCE WITH PUBLIC OFFICER,28,213,
INTERFERENCE WITH PUBLIC OFFICER,29,365,
INTERFERENCE WITH PUBLIC OFFICER,3,137,
INTERFERENCE WITH PUBLIC OFFICER,30,168,
INTERFERENCE WITH PUBLIC OFFICER,31,88,
INTERFERENCE WITH PUBLIC OFFICER,32,127,
INTERFERENCE WITH PUBLIC OFFICER,33,86,
INTERFERENCE WITH PUBLIC OFFICER,34,36,
INTERFERENCE WITH PUBLIC OFFICER,35,85,
INTERFERENCE WITH PUBLIC OFFICER,36,12,
INTERFERENCE WITH PUBLIC OFFICER,37,73,
INTERFERENCE WITH PUBLIC OFFICER,38,132,
INTERFERENCE WITH PUBLIC OFFICER,39,24,
INTERFERENCE WITH PUBLIC OFFICER,4,47,
INTERFERENCE WITH PUBLIC OFFICER,40,129,
INTERFERENCE WITH PUBLIC OFFICER,41,26,
INTERFERENCE WITH PUBLIC OFFICER,42,290,
INTERFERENCE WITH PUBLIC OFFICER,43,376,
INTERFERENCE WITH PUBLIC OFFICER,44,250,
INTERFERENCE WITH PUBLIC OFFICER,45,41,
INTERFERENCE WITH PUBLIC OFFICER,46,233,
INTERFERENCE WITH PUBLIC OFFICER,47,11,
INTERFERENCE WITH PUBLIC OFFICER,48,33,
INTERFERENCE WITH PUBLIC OFFICER,49,405,
INTERFERENCE WITH PUBLIC OFFICER,5,45,
INTERFERENCE WITH PUBLIC OFFICER,50,74,
INTERFERENCE WITH PUBLIC OFFICER,51,73,
INTERFERENCE WITH PUBLIC OFFICER,52,37,
INTERFERENCE WITH PUBLIC OFFICER,53,249,
INTERFERENCE WITH PUBLIC OFFICER,54,48,
INTERFERENCE WITH PUBLIC OFFICER,55,16,
INTERFERENCE WITH PUBLIC OFFICER,56,70,
INTERFERENCE WITH PUBLIC OFFICER,57,16,
INTERFERENCE WITH PUBLIC OFFICER,58,105,
INTERFERENCE WITH PUBLIC OFFICER,59,30,
INTERFERENCE WITH PUBLIC OFFICER,6,134,
INTERFERENCE WITH PUBLIC OFFICER,60,56,
INTERFERENCE WITH PUBLIC OFFICER,61,363,
INTERFERENCE WITH PUBLIC OFFICER,62,29,
INTERFERENCE WITH PUBLIC OFFICER,63,97,
INTERFERENCE WITH PUBLIC OFFICER,64,25,
INTERFERENCE WITH PUBLIC OFFICER,65,30,
INTERFERENCE WITH PUBLIC OFFICER,66,390,
INTERFERENCE WITH PUBLIC OFFICER,67,621,
INTERFERENCE WITH PUBLIC OFFICER,68,414,
INTERFERENCE WITH PUBLIC OFFICER,69,343,
INTERFERENCE WITH PUBLIC OFFICER,7,54,
INTERFERENCE WITH PUBLIC OFFICER,70,60,
INTERFERENCE WITH PUBLIC OFFICER,71,469,
INTERFERENCE WITH PUBLIC OFFICER,72,19,
INTERFERENCE WITH PUBLIC OFFICER,73,143,
INTERFERENCE WITH PUBLIC OFFICER,74,15,
INTERFERENCE WITH PUBLIC OFFICER,75,93,
INTERFERENCE WITH PUBLIC OFFICER,76,30,
INTERFERENCE WITH PUBLIC OFFICER,77,62,
INTERFERENCE WITH PUBLIC OFFICER,8,361,
INTERFERENCE WITH PUBLIC OFFICER,9,3,
INTIMIDATION,,367,
INTIMIDATION,1,42,
INTIMIDATION,10,21,
INTIMIDATION,11,15,
INTIMIDATION,12,1,
INTIMIDATION,13,15,
INTIMIDATION,14,39,
INTIMIDATION,15,43,
INTIMIDATION,16,35,
INTIMIDATION,17,19,
INTIMIDATION,18,8,
INTIMIDATION,19,91,
INTIMIDATION,2,36,
INTIMIDATION,20,11,
INTIMIDATION,21,19,
INTIMIDATION,22,68,
INTIMIDATION,23,73,
INTIMIDATION,24,90,
INTIMIDATION,25,131,
INTIMIDATION,26,33,
INTIMIDATION,27,63,
INTIMIDATION,28,108,
INTIMIDATION,29,70,
INTIMIDATION,3,39,
INTIMIDATION,30,127,
INTIMIDATION,31,41,
INTIMIDATION,32,103,
INTIMIDATION,33,25,
INTIMIDATION,34,15,
INTIMIDATION,35,41,
INTIMIDATION,36,10,
INTIMIDATION,37,30,
INTIMIDATION,38,42,
INTIMIDATION,39,16,
INTIMIDATION,4,24,
INTIMIDATION,40,22,
INTIMIDATION,41,10,
INTIMIDATION,42,62,
INTIMIDATION,43,97,
INTIMIDATION,44,61,
INTIMIDATION,45,23,
INTIMIDATION,46,90,
INTIMIDATION,47,4,
INTIMIDATION,48,20,
INTIMIDATION,49,94,
INTIMIDATION,5,37,
INTIMIDATION,50,58,
INTIMIDATION,51,31,
INTIMIDATION,52,25,
INTIMIDATION,53,68,
INTIMIDATION,54,11,
INTIMIDATION,55,15,
INTIMIDATION,56,25,
INTIMIDATION,57,9,
INTIMIDATION,58,44,
INTIMIDATION,59,21,
INTIMIDATION,6,43,
INTIMIDATION,60,39,
INTIMIDATION,61,73,
INTIMIDATION,62,4,
INTIMIDATION,63,30,
INTIMIDATION,64,17,
INTIMIDATION,65,23,
INTIMIDATION,66,53,
INTIMIDATION,67,67,
INTIMIDATION,68,77,
INTIMIDATION,69,76,
INTIMIDATION,7,19,
INTIMIDATION,70,28,
INTIMIDATION,71,102,
INTIMIDATION,72,14,
INTIMIDATION,73,30,
INTIMIDATION,74,16,
INTIMIDATION,75,41,
INTIMIDATION,76,10,
INTIMIDATION,77,27,
INTIMIDATION,8,81,
INTIMIDATION,9,9,
KIDNAPPING,,1177,
KIDNAPPING,1,67,
KIDNAPPING,10,49,
KIDNAPPING,11,39,
KIDNAPPING,12,28,
KIDNAPPING,13,20,
KIDNAPPING,14,48,
KIDNAPPING,15,76,
KIDNAPPING,16,68,
KIDNAPPING,17,59,
KIDNAPPING,18,15,
KIDNAPPING,19,144,
KIDNAPPING,2,84,
KIDNAPPING,20,54,
KIDNAPPING,21,57,
KIDNAPPING,22,119,
KIDNAPPING,23,146,
KIDNAPPING,24,81,
KIDNAPPING,25,279,
KIDNAPPING,26,71,
KIDNAPPING,27,70,
KIDNAPPING,28,58,
KIDNAPPING,29,84,
KIDNAPPING,3,45,
KIDNAPPING,30,92,
KIDNAPPING,31,37,
KIDNAPPING,32,30,
KIDNAPPING,33,21,
KIDNAPPING,34,5,
KIDNAPPING,35,42,
KIDNAPPING,36,8,
KIDNAPPING,37,13,
KIDNAPPING,38,61,
KIDNAPPING,39,25,
KIDNAPPING,4,43,
KIDNAPPING,40,49,
KIDNAPPING,41,26,
KIDNAPPING,42,99,
KIDNAPPING,43,164,
KIDNAPPING,44,126,
KIDNAPPING,45,38,
KIDNAPPING,46,117,
KIDNAPPING,47,5,
KIDNAPPING,48,44,
KIDNAPPING,49,171,
KIDNAPPING,5,32,
KIDNAPPING,50,46,
KIDNAPPING,51,44,
KIDNAPPING,52,70,
KIDNAPPING,53,128,
KIDNAPPING,54,26,
KIDNAPPING,55,15,
KIDNAPPING,56,40,
KIDNAPPING,57,35,
KIDNAPPING,58,81,
KIDNAPPING,59,20,
KIDNAPPING,6,33,
KIDNAPPING,60,40,
KIDNAPPING,61,96,
KIDNAPPING,62,31,
KIDNAPPING,63,53,
KIDNAPPING,64,28,
KIDNAPPING,65,52,
KIDNAPPING,66,144,
KIDNAPPING,67,147,
KIDNAPPING,68,127,
KIDNAPPING,69,139,
KIDNAPPING,7,39,
KIDNAPPING,70,68,
KIDNAPPING,71,175,
KIDNAPPING,72,67,
KIDNAPPING,73,98,
KIDNAPPING,74,81,
KIDNAPPING,75,90,
KIDNAPPING,76,8,
KIDNAPPING,77,32,
KIDNAPPING,8,59,
KIDNAPPING,9,16,
LIQUOR LAW VIOLATION,,2021,
LIQUOR LAW VIOLATION,1,275,
LIQUOR LAW VIOLATION,10,50,
LIQUOR LAW VIOLATION,11,70,
LIQUOR LAW VIOLATION,12,18,
LIQUOR LAW VIOLATION,13,53,
LIQUOR LAW VIOLATION,14,268,
LIQUOR LAW VIOLATION,15,292,
LIQUOR LAW VIOLATION,16,212,
LIQUOR LAW VIOLATION,17,102,
LIQUOR LAW VIOLATION,18,20,
LIQUOR LAW VIOLATION,19,310,
LIQUOR LAW VIOLATION,2,192,
LIQUOR LAW VIOLATION,20,108,
LIQUOR LAW VIOLATION,21,178,
LIQUOR LAW VIOLATION,22,413,
LIQUOR LAW VIOLATION,23,280,
LIQUOR LAW VIOLATION,24,620,
LIQUOR LAW VIOLATION,25,541,
LIQUOR LAW VIOLATION,26,125,
LIQUOR LAW VIOLATION,27,127,
LIQUOR LAW VIOLATION,28,237,
LIQUOR LAW VIOLATION,29,209,
LIQUOR LAW VIOLATION,3,231,
LIQUOR LAW VIOLATION,30,736,
LIQUOR LAW VIOLATION,31,355,
LIQUOR LAW VIOLATION,32,234,
LIQUOR LAW VIOLATION,33,48,
LIQUOR LAW VIOLATION,34,58,
LIQUOR LAW VIOLATION,35,29,
LIQUOR LAW VIOLATION,36,2,
LIQUOR LAW VIOLATION,37,13,
LIQUOR LAW VIOLATION,38,63,
LIQUOR LAW VIOLATION,39,12,
LIQUOR LAW VIOLATION,4,175,
LIQUOR LAW VIOLATION,40,64,
LIQUOR LAW VIOLATION,41,23,
LIQUOR LAW VIOLATION,42,83,
LIQUOR LAW VIOLATION,43,126,
LIQUOR LAW VIOLATION,44,105,
LIQUOR LAW VIOLATION,45,19,
LIQUOR LAW VIOLATION,46,188,
LIQUOR LAW VIOLATION,47,8,
LIQUOR LAW VIOLATION,48,55,
LIQUOR LAW VIOLATION,49,97,
LIQUOR LAW VIOLATION,5,113,
LIQUOR LAW VIOLATION,50,12,
LIQUOR LAW VIOLATION,51,61,
LIQUOR LAW VIOLATION,52,79,
LIQUOR LAW VIOLATION,53,83,
LIQUOR LAW VIOLATION,54,14,
LIQUOR LAW VIOLATION,55,26,
LIQUOR LAW VIOLATION,56,88,
LIQUOR LAW VIOLATION,57,51,
LIQUOR LAW VIOLATION,58,192,
LIQUOR LAW VIOLATION,59,78,
LIQUOR LAW VIOLATION,6,411,
LIQUOR LAW VIOLATION,60,98,
LIQUOR LAW VIOLATION,61,296,
LIQUOR LAW VIOLATION,62,44,
LIQUOR LAW VIOLATION,63,147,
LIQUOR LAW VIOLATION,64,53,
LIQUOR LAW VIOLATION,65,74,
LIQUOR LAW VIOLATION,66,217,
LIQUOR LAW VIOLATION,67,169,
LIQUOR LAW VIOLATION,68,132,
LIQUOR LAW VIOLATION,69,147,
LIQUOR LAW VIOLATION,7,355,
LIQUOR LAW VIOLATION,70,58,
LIQUOR LAW VIOLATION,71,191,
LIQUOR LAW VIOLATION,72,66,
LIQUOR LAW VIOLATION,73,39,
LIQUOR LAW VIOLATION,74,73,
LIQUOR LAW VIOLATION,75,53,
LIQUOR LAW VIOLATION,76,14,
LIQUOR LAW VIOLATION,77,188,
LIQUOR LAW VIOLATION,8,530,
LIQUOR LAW VIOLATION,9,10,
MOTOR VEHICLE THEFT,,32877,
MOTOR VEHICLE THEFT,0,5,
MOTOR VEHICLE THEFT,2,1,
MOTOR VEHICLE THEFT,3,5,
MOTOR VEHICLE THEFT,4,10,
MOTOR VEHICLE THEFT,5,4,
MOTOR VEHICLE THEFT,6,5,
MOTOR VEHICLE THEFT,7,2,
MOTOR VEHICLE THEFT,8,8,
MOTOR VEHICLE THEFT,10,7,
MOTOR VEHICLE THEFT,11,6,
MOTOR VEHICLE THEFT,12,8,
MOTOR VEHICLE THEFT,14,2,
MOTOR VEHICLE THEFT,15,2,
MOTOR VEHICLE THEFT,16,1,
MOTOR VEHICLE THEFT,19,1,
MOTOR VEHICLE THEFT,20,2,
MOTOR VEHICLE THEFT,22,7,
MOTOR VEHICLE THEFT,25,2,
MOTOR VEHICLE THEFT,1,2460,
MOTOR VEHICLE THEFT,10,736,
MOTOR VEHICLE THEFT,11,1064,
MOTOR VEHICLE THEFT,12,377,
MOTOR VEHICLE THEFT,13,1033,
MOTOR VEHICLE THEFT,14,2965,
MOTOR VEHICLE THEFT,15,4198,
MOTOR VEHICLE THEFT,16,5007,
MOTOR VEHICLE THEFT,17,1845,
MOTOR VEHICLE THEFT,18,1059,
MOTOR VEHICLE THEFT,19,7539,
MOTOR VEHICLE THEFT,2,3424,
MOTOR VEHICLE THEFT,20,2493,
MOTOR VEHICLE THEFT,21,4224,
MOTOR VEHICLE THEFT,22,7852,
MOTOR VEHICLE THEFT,23,8249,
MOTOR VEHICLE THEFT,24,9141,
MOTOR VEHICLE THEFT,25,13378,
MOTOR VEHICLE THEFT,26,3750,
MOTOR VEHICLE THEFT,27,4381,
MOTOR VEHICLE THEFT,28,8000,
MOTOR VEHICLE THEFT,29,5799,
MOTOR VEHICLE THEFT,3,2759,
MOTOR VEHICLE THEFT,30,6143,
MOTOR VEHICLE THEFT,31,3463,
MOTOR VEHICLE THEFT,32,1791,
MOTOR VEHICLE THEFT,33,1331,
MOTOR VEHICLE THEFT,34,1132,
MOTOR VEHICLE THEFT,35,2301,
MOTOR VEHICLE THEFT,36,603,
MOTOR VEHICLE THEFT,37,841,
MOTOR VEHICLE THEFT,38,3618,
MOTOR VEHICLE THEFT,39,1496,
MOTOR VEHICLE THEFT,4,1867,
MOTOR VEHICLE THEFT,40,2814,
MOTOR VEHICLE THEFT,41,1999,
MOTOR VEHICLE THEFT,42,3422,
MOTOR VEHICLE THEFT,43,7773,
MOTOR VEHICLE THEFT,44,6648,
MOTOR VEHICLE THEFT,45,1740,
MOTOR VEHICLE THEFT,46,4266,
MOTOR VEHICLE THEFT,47,411,
MOTOR VEHICLE THEFT,48,2161,
MOTOR VEHICLE THEFT,49,6769,
MOTOR VEHICLE THEFT,5,1534,
MOTOR VEHICLE THEFT,50,1072,
MOTOR VEHICLE THEFT,51,1647,
MOTOR VEHICLE THEFT,52,1250,
MOTOR VEHICLE THEFT,53,4324,
MOTOR VEHICLE THEFT,54,737,
MOTOR VEHICLE THEFT,55,530,
MOTOR VEHICLE THEFT,56,2165,
MOTOR VEHICLE THEFT,57,1520,
MOTOR VEHICLE THEFT,58,4097,
MOTOR VEHICLE THEFT,59,1514,
MOTOR VEHICLE THEFT,6,4071,
MOTOR VEHICLE THEFT,60,1930,
MOTOR VEHICLE THEFT,61,5226,
MOTOR VEHICLE THEFT,62,1370,
MOTOR VEHICLE THEFT,63,3743,
MOTOR VEHICLE THEFT,64,1038,
MOTOR VEHICLE THEFT,65,2453,
MOTOR VEHICLE THEFT,66,7691,
MOTOR VEHICLE THEFT,67,6404,
MOTOR VEHICLE THEFT,68,6170,
MOTOR VEHICLE THEFT,69,7348,
MOTOR VEHICLE THEFT,7,3560,
MOTOR VEHICLE THEFT,70,2815,
MOTOR VEHICLE THEFT,71,7460,
MOTOR VEHICLE THEFT,72,957,
MOTOR VEHICLE THEFT,73,3579,
MOTOR VEHICLE THEFT,74,268,
MOTOR VEHICLE THEFT,75,1953,
MOTOR VEHICLE THEFT,76,1043,
MOTOR VEHICLE THEFT,77,2001,
MOTOR VEHICLE THEFT,8,3759,
MOTOR VEHICLE THEFT,9,136,
NARCOTICS,,67419,
NARCOTICS,0,3,
NARCOTICS,1,9275,
NARCOTICS,10,689,
NARCOTICS,11,854,
NARCOTICS,12,308,
NARCOTICS,13,943,
NARCOTICS,14,3102,
NARCOTICS,15,5074,
NARCOTICS,16,3396,
NARCOTICS,17,1366,
NARCOTICS,18,394,
NARCOTICS,19,6773,
NARCOTICS,2,3799,
NARCOTICS,20,2867,
NARCOTICS,21,2604,
NARCOTICS,22,6454,
NARCOTICS,23,42509,
NARCOTICS,24,9135,
NARCOTICS,25,87031,
NARCOTICS,26,30303,
NARCOTICS,27,26760,
NARCOTICS,28,12002,
NARCOTICS,29,36975,
NARCOTICS,3,10455,
NARCOTICS,30,8413,
NARCOTICS,31,3998,
NARCOTICS,32,3218,
NARCOTICS,33,3238,
NARCOTICS,34,1444,
NARCOTICS,35,12378,
NARCOTICS,36,1020,
NARCOTICS,37,3290,
NARCOTICS,38,9152,
NARCOTICS,39,1864,
NARCOTICS,4,1656,
NARCOTICS,40,6827,
NARCOTICS,41,950,
NARCOTICS,42,12094,
NARCOTICS,43,17412,
NARCOTICS,44,10421,
NARCOTICS,45,1607,
NARCOTICS,46,11362,
NARCOTICS,47,896,
NARCOTICS,48,1898,
NARCOTICS,49,18259,
NARCOTICS,5,1388,
NARCOTICS,50,1318,
NARCOTICS,51,2541,
NARCOTICS,52,2215,
NARCOTICS,53,10897,
NARCOTICS,54,1942,
NARCOTICS,55,777,
NARCOTICS,56,3164,
NARCOTICS,57,926,
NARCOTICS,58,4341,
NARCOTICS,59,1609,
NARCOTICS,6,3770,
NARCOTICS,60,1676,
NARCOTICS,61,16282,
NARCOTICS,62,1143,
NARCOTICS,63,5193,
NARCOTICS,64,958,
NARCOTICS,65,1651,
NARCOTICS,66,16914,
NARCOTICS,67,23340,
NARCOTICS,68,18947,
NARCOTICS,69,14475,
NARCOTICS,7,1549,
NARCOTICS,70,2270,
NARCOTICS,71,18373,
NARCOTICS,72,540,
NARCOTICS,73,6632,
NARCOTICS,74,473,
NARCOTICS,75,3807,
NARCOTICS,76,1750,
NARCOTICS,77,3026,
NARCOTICS,8,9753,
NARCOTICS,9,79,
NON , CRIMINAL,11,3
NON , CRIMINAL,15,1
NON , CRIMINAL,22,1
NON , CRIMINAL,23,1
NON , CRIMINAL,24,1
NON , CRIMINAL,25,1
NON , CRIMINAL,26,1
NON , CRIMINAL,27,1
NON , CRIMINAL,28,1
NON , CRIMINAL,29,2
NON , CRIMINAL,30,1
NON , CRIMINAL,31,1
NON , CRIMINAL,35,1
NON , CRIMINAL,37,1
NON , CRIMINAL,43,1
NON , CRIMINAL,49,1
NON , CRIMINAL,50,2
NON , CRIMINAL,51,1
NON , CRIMINAL,56,1
NON , CRIMINAL,58,1
NON , CRIMINAL,60,2
NON , CRIMINAL,63,1
NON , CRIMINAL,64,1
NON , CRIMINAL,66,5
NON , CRIMINAL,70,3
NON , CRIMINAL,76,1
NON , CRIMINAL,8,1
NON,CRIMINAL (SUBJECT SPECIFIED),2,1
NON,CRIMINAL (SUBJECT SPECIFIED),37,1
NON,CRIMINAL (SUBJECT SPECIFIED),60,1
NON,CRIMINAL (SUBJECT SPECIFIED),61,1
NON,CRIMINAL,1,1
NON,CRIMINAL,10,1
NON,CRIMINAL,11,2
NON,CRIMINAL,12,1
NON,CRIMINAL,14,1
NON,CRIMINAL,17,1
NON,CRIMINAL,19,3
NON,CRIMINAL,2,1
NON,CRIMINAL,20,2
NON,CRIMINAL,22,2
NON,CRIMINAL,24,4
NON,CRIMINAL,25,1
NON,CRIMINAL,28,1
NON,CRIMINAL,29,2
NON,CRIMINAL,3,4
NON,CRIMINAL,30,3
NON,CRIMINAL,31,1
NON,CRIMINAL,32,7
NON,CRIMINAL,33,1
NON,CRIMINAL,34,1
NON,CRIMINAL,35,2
NON,CRIMINAL,36,1
NON,CRIMINAL,37,1
NON,CRIMINAL,4,2
NON,CRIMINAL,43,1
NON,CRIMINAL,50,1
NON,CRIMINAL,55,1
NON,CRIMINAL,56,3
NON,CRIMINAL,57,1
NON,CRIMINAL,59,1
NON,CRIMINAL,6,9
NON,CRIMINAL,60,2
NON,CRIMINAL,61,1
NON,CRIMINAL,65,1
NON,CRIMINAL,66,2
NON,CRIMINAL,69,1
NON,CRIMINAL,71,1
NON,CRIMINAL,76,7
NON,CRIMINAL,8,10
OBSCENITY,,26,
OBSCENITY,1,6,
OBSCENITY,10,4,
OBSCENITY,11,6,
OBSCENITY,13,4,
OBSCENITY,14,2,
OBSCENITY,15,10,
OBSCENITY,16,3,
OBSCENITY,17,4,
OBSCENITY,18,2,
OBSCENITY,19,4,
OBSCENITY,2,13,
OBSCENITY,20,4,
OBSCENITY,21,6,
OBSCENITY,22,6,
OBSCENITY,23,8,
OBSCENITY,24,11,
OBSCENITY,25,15,
OBSCENITY,26,2,
OBSCENITY,27,8,
OBSCENITY,28,17,
OBSCENITY,29,10,
OBSCENITY,3,6,
OBSCENITY,30,7,
OBSCENITY,31,10,
OBSCENITY,32,5,
OBSCENITY,33,3,
OBSCENITY,34,2,
OBSCENITY,35,1,
OBSCENITY,36,2,
OBSCENITY,37,1,
OBSCENITY,38,7,
OBSCENITY,39,2,
OBSCENITY,4,3,
OBSCENITY,40,3,
OBSCENITY,41,2,
OBSCENITY,42,4,
OBSCENITY,43,8,
OBSCENITY,44,6,
OBSCENITY,45,1,
OBSCENITY,46,2,
OBSCENITY,48,2,
OBSCENITY,49,7,
OBSCENITY,5,10,
OBSCENITY,50,1,
OBSCENITY,53,1,
OBSCENITY,54,2,
OBSCENITY,55,1,
OBSCENITY,56,3,
OBSCENITY,57,1,
OBSCENITY,58,10,
OBSCENITY,59,3,
OBSCENITY,6,8,
OBSCENITY,60,9,
OBSCENITY,61,6,
OBSCENITY,62,7,
OBSCENITY,63,6,
OBSCENITY,64,4,
OBSCENITY,65,7,
OBSCENITY,66,8,
OBSCENITY,67,7,
OBSCENITY,68,6,
OBSCENITY,69,7,
OBSCENITY,7,1,
OBSCENITY,70,8,
OBSCENITY,71,5,
OBSCENITY,72,1,
OBSCENITY,73,4,
OBSCENITY,74,3,
OBSCENITY,75,6,
OBSCENITY,76,1,
OBSCENITY,77,4,
OBSCENITY,8,7,
OBSCENITY,9,2,
OFFENSE INVOLVING CHILDREN,,2576,
OFFENSE INVOLVING CHILDREN,1,574,
OFFENSE INVOLVING CHILDREN,10,194,
OFFENSE INVOLVING CHILDREN,11,220,
OFFENSE INVOLVING CHILDREN,12,56,
OFFENSE INVOLVING CHILDREN,13,124,
OFFENSE INVOLVING CHILDREN,14,398,
OFFENSE INVOLVING CHILDREN,15,493,
OFFENSE INVOLVING CHILDREN,16,424,
OFFENSE INVOLVING CHILDREN,17,235,
OFFENSE INVOLVING CHILDREN,18,105,
OFFENSE INVOLVING CHILDREN,19,976,
OFFENSE INVOLVING CHILDREN,2,503,
OFFENSE INVOLVING CHILDREN,20,346,
OFFENSE INVOLVING CHILDREN,21,381,
OFFENSE INVOLVING CHILDREN,22,832,
OFFENSE INVOLVING CHILDREN,23,1239,
OFFENSE INVOLVING CHILDREN,24,621,
OFFENSE INVOLVING CHILDREN,25,2150,
OFFENSE INVOLVING CHILDREN,26,484,
OFFENSE INVOLVING CHILDREN,27,535,
OFFENSE INVOLVING CHILDREN,28,799,
OFFENSE INVOLVING CHILDREN,29,927,
OFFENSE INVOLVING CHILDREN,3,449,
OFFENSE INVOLVING CHILDREN,30,865,
OFFENSE INVOLVING CHILDREN,31,422,
OFFENSE INVOLVING CHILDREN,32,134,
OFFENSE INVOLVING CHILDREN,33,174,
OFFENSE INVOLVING CHILDREN,34,88,
OFFENSE INVOLVING CHILDREN,35,279,
OFFENSE INVOLVING CHILDREN,36,132,
OFFENSE INVOLVING CHILDREN,37,162,
OFFENSE INVOLVING CHILDREN,38,445,
OFFENSE INVOLVING CHILDREN,39,259,
OFFENSE INVOLVING CHILDREN,4,208,
OFFENSE INVOLVING CHILDREN,40,410,
OFFENSE INVOLVING CHILDREN,41,194,
OFFENSE INVOLVING CHILDREN,42,772,
OFFENSE INVOLVING CHILDREN,43,1586,
OFFENSE INVOLVING CHILDREN,44,805,
OFFENSE INVOLVING CHILDREN,45,232,
OFFENSE INVOLVING CHILDREN,46,1090,
OFFENSE INVOLVING CHILDREN,47,77,
OFFENSE INVOLVING CHILDREN,48,289,
OFFENSE INVOLVING CHILDREN,49,1159,
OFFENSE INVOLVING CHILDREN,5,175,
OFFENSE INVOLVING CHILDREN,50,282,
OFFENSE INVOLVING CHILDREN,51,415,
OFFENSE INVOLVING CHILDREN,52,396,
OFFENSE INVOLVING CHILDREN,53,863,
OFFENSE INVOLVING CHILDREN,54,243,
OFFENSE INVOLVING CHILDREN,55,118,
OFFENSE INVOLVING CHILDREN,56,285,
OFFENSE INVOLVING CHILDREN,57,147,
OFFENSE INVOLVING CHILDREN,58,536,
OFFENSE INVOLVING CHILDREN,59,181,
OFFENSE INVOLVING CHILDREN,6,215,
OFFENSE INVOLVING CHILDREN,60,233,
OFFENSE INVOLVING CHILDREN,61,937,
OFFENSE INVOLVING CHILDREN,62,154,
OFFENSE INVOLVING CHILDREN,63,486,
OFFENSE INVOLVING CHILDREN,64,242,
OFFENSE INVOLVING CHILDREN,65,351,
OFFENSE INVOLVING CHILDREN,66,1164,
OFFENSE INVOLVING CHILDREN,67,1067,
OFFENSE INVOLVING CHILDREN,68,985,
OFFENSE INVOLVING CHILDREN,69,1070,
OFFENSE INVOLVING CHILDREN,7,186,
OFFENSE INVOLVING CHILDREN,70,428,
OFFENSE INVOLVING CHILDREN,71,1498,
OFFENSE INVOLVING CHILDREN,72,203,
OFFENSE INVOLVING CHILDREN,73,608,
OFFENSE INVOLVING CHILDREN,74,214,
OFFENSE INVOLVING CHILDREN,75,489,
OFFENSE INVOLVING CHILDREN,76,74,
OFFENSE INVOLVING CHILDREN,77,292,
OFFENSE INVOLVING CHILDREN,8,411,
OFFENSE INVOLVING CHILDREN,9,38,
OTHER NARCOTIC VIOLATION,,9,
OTHER NARCOTIC VIOLATION,1,2,
OTHER NARCOTIC VIOLATION,11,1,
OTHER NARCOTIC VIOLATION,13,7,
OTHER NARCOTIC VIOLATION,14,6,
OTHER NARCOTIC VIOLATION,15,3,
OTHER NARCOTIC VIOLATION,16,1,
OTHER NARCOTIC VIOLATION,17,1,
OTHER NARCOTIC VIOLATION,19,2,
OTHER NARCOTIC VIOLATION,2,1,
OTHER NARCOTIC VIOLATION,20,1,
OTHER NARCOTIC VIOLATION,22,4,
OTHER NARCOTIC VIOLATION,23,5,
OTHER NARCOTIC VIOLATION,24,9,
OTHER NARCOTIC VIOLATION,25,3,
OTHER NARCOTIC VIOLATION,26,1,
OTHER NARCOTIC VIOLATION,28,3,
OTHER NARCOTIC VIOLATION,3,3,
OTHER NARCOTIC VIOLATION,30,1,
OTHER NARCOTIC VIOLATION,31,1,
OTHER NARCOTIC VIOLATION,32,6,
OTHER NARCOTIC VIOLATION,33,2,
OTHER NARCOTIC VIOLATION,4,2,
OTHER NARCOTIC VIOLATION,44,1,
OTHER NARCOTIC VIOLATION,46,3,
OTHER NARCOTIC VIOLATION,52,2,
OTHER NARCOTIC VIOLATION,58,1,
OTHER NARCOTIC VIOLATION,6,16,
OTHER NARCOTIC VIOLATION,61,1,
OTHER NARCOTIC VIOLATION,65,1,
OTHER NARCOTIC VIOLATION,7,3,
OTHER NARCOTIC VIOLATION,71,1,
OTHER NARCOTIC VIOLATION,74,1,
OTHER NARCOTIC VIOLATION,77,1,
OTHER NARCOTIC VIOLATION,8,6,
OTHER OFFENSE,,39644,
OTHER OFFENSE,0,11,
OTHER OFFENSE,1,6036,
OTHER OFFENSE,10,2338,
OTHER OFFENSE,11,2150,
OTHER OFFENSE,12,864,
OTHER OFFENSE,13,1226,
OTHER OFFENSE,14,3568,
OTHER OFFENSE,15,6179,
OTHER OFFENSE,16,4328,
OTHER OFFENSE,17,3364,
OTHER OFFENSE,18,1155,
OTHER OFFENSE,19,7585,
OTHER OFFENSE,2,5323,
OTHER OFFENSE,20,2683,
OTHER OFFENSE,21,3361,
OTHER OFFENSE,22,6699,
OTHER OFFENSE,23,9309,
OTHER OFFENSE,24,7131,
OTHER OFFENSE,25,21232,
OTHER OFFENSE,26,4235,
OTHER OFFENSE,27,5066,
OTHER OFFENSE,28,8131,
OTHER OFFENSE,29,8363,
OTHER OFFENSE,3,5130,
OTHER OFFENSE,30,7534,
OTHER OFFENSE,31,3166,
OTHER OFFENSE,32,5475,
OTHER OFFENSE,33,2450,
OTHER OFFENSE,34,892,
OTHER OFFENSE,35,3210,
OTHER OFFENSE,36,992,
OTHER OFFENSE,37,708,
OTHER OFFENSE,38,4621,
OTHER OFFENSE,39,2514,
OTHER OFFENSE,4,2913,
OTHER OFFENSE,40,3364,
OTHER OFFENSE,41,2186,
OTHER OFFENSE,42,6388,
OTHER OFFENSE,43,13247,
OTHER OFFENSE,44,7402,
OTHER OFFENSE,45,1952,
OTHER OFFENSE,46,7087,
OTHER OFFENSE,47,564,
OTHER OFFENSE,48,2288,
OTHER OFFENSE,49,9155,
OTHER OFFENSE,5,2170,
OTHER OFFENSE,50,1609,
OTHER OFFENSE,51,2700,
OTHER OFFENSE,52,2169,
OTHER OFFENSE,53,6182,
OTHER OFFENSE,54,1469,
OTHER OFFENSE,55,1046,
OTHER OFFENSE,56,2927,
OTHER OFFENSE,57,1070,
OTHER OFFENSE,58,3475,
OTHER OFFENSE,59,1351,
OTHER OFFENSE,6,4984,
OTHER OFFENSE,60,2608,
OTHER OFFENSE,61,6235,
OTHER OFFENSE,62,1292,
OTHER OFFENSE,63,3151,
OTHER OFFENSE,64,2064,
OTHER OFFENSE,65,2498,
OTHER OFFENSE,66,8857,
OTHER OFFENSE,67,8956,
OTHER OFFENSE,68,8022,
OTHER OFFENSE,69,8966,
OTHER OFFENSE,7,3053,
OTHER OFFENSE,70,4023,
OTHER OFFENSE,71,10559,
OTHER OFFENSE,72,1767,
OTHER OFFENSE,73,5032,
OTHER OFFENSE,74,1317,
OTHER OFFENSE,75,3563,
OTHER OFFENSE,76,6063,
OTHER OFFENSE,77,4184,
OTHER OFFENSE,8,6761,
OTHER OFFENSE,9,654,
PROSTITUTION,,8017,
PROSTITUTION,1,926,
PROSTITUTION,10,32,
PROSTITUTION,11,9,
PROSTITUTION,12,8,
PROSTITUTION,13,46,
PROSTITUTION,14,570,
PROSTITUTION,15,363,
PROSTITUTION,16,86,
PROSTITUTION,17,9,
PROSTITUTION,18,16,
PROSTITUTION,19,1305,
PROSTITUTION,2,137,
PROSTITUTION,20,842,
PROSTITUTION,21,279,
PROSTITUTION,22,1558,
PROSTITUTION,23,3042,
PROSTITUTION,24,2084,
PROSTITUTION,25,7254,
PROSTITUTION,26,2923,
PROSTITUTION,27,3166,
PROSTITUTION,28,1857,
PROSTITUTION,29,1401,
PROSTITUTION,3,796,
PROSTITUTION,30,1241,
PROSTITUTION,31,587,
PROSTITUTION,32,486,
PROSTITUTION,33,49,
PROSTITUTION,34,44,
PROSTITUTION,35,76,
PROSTITUTION,37,35,
PROSTITUTION,38,1996,
PROSTITUTION,39,10,
PROSTITUTION,4,196,
PROSTITUTION,40,1272,
PROSTITUTION,41,4,
PROSTITUTION,42,631,
PROSTITUTION,43,1023,
PROSTITUTION,44,400,
PROSTITUTION,45,14,
PROSTITUTION,46,506,
PROSTITUTION,47,2,
PROSTITUTION,48,2,
PROSTITUTION,49,1225,
PROSTITUTION,5,124,
PROSTITUTION,50,4,
PROSTITUTION,51,7,
PROSTITUTION,52,3,
PROSTITUTION,53,1006,
PROSTITUTION,54,4,
PROSTITUTION,55,2,
PROSTITUTION,56,2694,
PROSTITUTION,57,544,
PROSTITUTION,58,2192,
PROSTITUTION,59,28,
PROSTITUTION,6,626,
PROSTITUTION,60,212,
PROSTITUTION,61,2201,
PROSTITUTION,62,7,
PROSTITUTION,63,171,
PROSTITUTION,64,11,
PROSTITUTION,65,20,
PROSTITUTION,66,557,
PROSTITUTION,67,1987,
PROSTITUTION,68,1905,
PROSTITUTION,69,481,
PROSTITUTION,7,343,
PROSTITUTION,70,41,
PROSTITUTION,71,977,
PROSTITUTION,72,2,
PROSTITUTION,73,113,
PROSTITUTION,74,2,
PROSTITUTION,75,14,
PROSTITUTION,76,29,
PROSTITUTION,77,148,
PROSTITUTION,8,3914,
PROSTITUTION,9,5,
PUBLIC INDECENCY,,12,
PUBLIC INDECENCY,1,2,
PUBLIC INDECENCY,10,1,
PUBLIC INDECENCY,11,1,
PUBLIC INDECENCY,14,1,
PUBLIC INDECENCY,16,1,
PUBLIC INDECENCY,19,2,
PUBLIC INDECENCY,2,2,
PUBLIC INDECENCY,22,3,
PUBLIC INDECENCY,23,1,
PUBLIC INDECENCY,24,2,
PUBLIC INDECENCY,25,5,
PUBLIC INDECENCY,26,2,
PUBLIC INDECENCY,27,2,
PUBLIC INDECENCY,28,4,
PUBLIC INDECENCY,29,2,
PUBLIC INDECENCY,3,2,
PUBLIC INDECENCY,30,1,
PUBLIC INDECENCY,32,13,
PUBLIC INDECENCY,34,2,
PUBLIC INDECENCY,35,1,
PUBLIC INDECENCY,36,1,
PUBLIC INDECENCY,37,1,
PUBLIC INDECENCY,38,1,
PUBLIC INDECENCY,4,4,
PUBLIC INDECENCY,40,1,
PUBLIC INDECENCY,41,2,
PUBLIC INDECENCY,42,1,
PUBLIC INDECENCY,43,3,
PUBLIC INDECENCY,44,5,
PUBLIC INDECENCY,45,1,
PUBLIC INDECENCY,49,1,
PUBLIC INDECENCY,50,2,
PUBLIC INDECENCY,51,2,
PUBLIC INDECENCY,54,1,
PUBLIC INDECENCY,57,1,
PUBLIC INDECENCY,58,2,
PUBLIC INDECENCY,6,8,
PUBLIC INDECENCY,60,1,
PUBLIC INDECENCY,61,4,
PUBLIC INDECENCY,62,1,
PUBLIC INDECENCY,64,2,
PUBLIC INDECENCY,65,1,
PUBLIC INDECENCY,67,1,
PUBLIC INDECENCY,68,3,
PUBLIC INDECENCY,69,2,
PUBLIC INDECENCY,7,7,
PUBLIC INDECENCY,71,3,
PUBLIC INDECENCY,73,1,
PUBLIC INDECENCY,77,1,
PUBLIC INDECENCY,8,14,
PUBLIC PEACE VIOLATION,,3434,
PUBLIC PEACE VIOLATION,1,561,
PUBLIC PEACE VIOLATION,10,128,
PUBLIC PEACE VIOLATION,11,133,
PUBLIC PEACE VIOLATION,12,42,
PUBLIC PEACE VIOLATION,13,128,
PUBLIC PEACE VIOLATION,14,546,
PUBLIC PEACE VIOLATION,15,458,
PUBLIC PEACE VIOLATION,16,576,
PUBLIC PEACE VIOLATION,17,175,
PUBLIC PEACE VIOLATION,18,82,
PUBLIC PEACE VIOLATION,19,932,
PUBLIC PEACE VIOLATION,2,408,
PUBLIC PEACE VIOLATION,20,386,
PUBLIC PEACE VIOLATION,21,366,
PUBLIC PEACE VIOLATION,22,760,
PUBLIC PEACE VIOLATION,23,1129,
PUBLIC PEACE VIOLATION,24,904,
PUBLIC PEACE VIOLATION,25,2232,
PUBLIC PEACE VIOLATION,26,441,
PUBLIC PEACE VIOLATION,27,643,
PUBLIC PEACE VIOLATION,28,1145,
PUBLIC PEACE VIOLATION,29,1081,
PUBLIC PEACE VIOLATION,3,780,
PUBLIC PEACE VIOLATION,30,2330,
PUBLIC PEACE VIOLATION,31,987,
PUBLIC PEACE VIOLATION,32,1087,
PUBLIC PEACE VIOLATION,33,166,
PUBLIC PEACE VIOLATION,34,97,
PUBLIC PEACE VIOLATION,35,281,
PUBLIC PEACE VIOLATION,36,46,
PUBLIC PEACE VIOLATION,37,128,
PUBLIC PEACE VIOLATION,38,339,
PUBLIC PEACE VIOLATION,39,128,
PUBLIC PEACE VIOLATION,4,380,
PUBLIC PEACE VIOLATION,40,315,
PUBLIC PEACE VIOLATION,41,101,
PUBLIC PEACE VIOLATION,42,912,
PUBLIC PEACE VIOLATION,43,1011,
PUBLIC PEACE VIOLATION,44,549,
PUBLIC PEACE VIOLATION,45,259,
PUBLIC PEACE VIOLATION,46,854,
PUBLIC PEACE VIOLATION,47,62,
PUBLIC PEACE VIOLATION,48,126,
PUBLIC PEACE VIOLATION,49,973,
PUBLIC PEACE VIOLATION,5,179,
PUBLIC PEACE VIOLATION,50,176,
PUBLIC PEACE VIOLATION,51,240,
PUBLIC PEACE VIOLATION,52,326,
PUBLIC PEACE VIOLATION,53,540,
PUBLIC PEACE VIOLATION,54,136,
PUBLIC PEACE VIOLATION,55,98,
PUBLIC PEACE VIOLATION,56,363,
PUBLIC PEACE VIOLATION,57,165,
PUBLIC PEACE VIOLATION,58,762,
PUBLIC PEACE VIOLATION,59,145,
PUBLIC PEACE VIOLATION,6,797,
PUBLIC PEACE VIOLATION,60,285,
PUBLIC PEACE VIOLATION,61,1361,
PUBLIC PEACE VIOLATION,62,234,
PUBLIC PEACE VIOLATION,63,888,
PUBLIC PEACE VIOLATION,64,177,
PUBLIC PEACE VIOLATION,65,295,
PUBLIC PEACE VIOLATION,66,1490,
PUBLIC PEACE VIOLATION,67,1133,
PUBLIC PEACE VIOLATION,68,1126,
PUBLIC PEACE VIOLATION,69,955,
PUBLIC PEACE VIOLATION,7,309,
PUBLIC PEACE VIOLATION,70,427,
PUBLIC PEACE VIOLATION,71,978,
PUBLIC PEACE VIOLATION,72,112,
PUBLIC PEACE VIOLATION,73,460,
PUBLIC PEACE VIOLATION,74,86,
PUBLIC PEACE VIOLATION,75,326,
PUBLIC PEACE VIOLATION,76,282,
PUBLIC PEACE VIOLATION,77,472,
PUBLIC PEACE VIOLATION,8,990,
PUBLIC PEACE VIOLATION,9,32,
Primary Type,Community Area,1,
RITUALISM,,8,
RITUALISM,22,1,
RITUALISM,25,1,
RITUALISM,26,1,
RITUALISM,44,1,
RITUALISM,46,2,
RITUALISM,50,1,
RITUALISM,51,1,
RITUALISM,53,1,
RITUALISM,67,1,
RITUALISM,68,1,
RITUALISM,69,1,
RITUALISM,71,1,
RITUALISM,8,2,
ROBBERY,,23297,
ROBBERY,0,1,
ROBBERY,1,3696,
ROBBERY,10,195,
ROBBERY,11,365,
ROBBERY,12,97,
ROBBERY,13,397,
ROBBERY,14,1839,
ROBBERY,15,1712,
ROBBERY,16,1842,
ROBBERY,17,613,
ROBBERY,18,288,
ROBBERY,19,3609,
ROBBERY,2,2257,
ROBBERY,20,1160,
ROBBERY,21,2154,
ROBBERY,22,4312,
ROBBERY,23,6622,
ROBBERY,24,5907,
ROBBERY,25,15012,
ROBBERY,26,4594,
ROBBERY,27,4297,
ROBBERY,28,5383,
ROBBERY,29,6420,
ROBBERY,3,2524,
ROBBERY,30,3862,
ROBBERY,31,1411,
ROBBERY,32,3119,
ROBBERY,33,966,
ROBBERY,34,1175,
ROBBERY,35,2333,
ROBBERY,36,377,
ROBBERY,37,948,
ROBBERY,38,3499,
ROBBERY,39,1253,
ROBBERY,4,903,
ROBBERY,40,2978,
ROBBERY,41,1936,
ROBBERY,42,4063,
ROBBERY,43,8369,
ROBBERY,44,6608,
ROBBERY,45,1655,
ROBBERY,46,4219,
ROBBERY,47,281,
ROBBERY,48,1544,
ROBBERY,49,6569,
ROBBERY,5,753,
ROBBERY,50,672,
ROBBERY,51,1207,
ROBBERY,52,481,
ROBBERY,53,3416,
ROBBERY,54,879,
ROBBERY,55,183,
ROBBERY,56,1211,
ROBBERY,57,792,
ROBBERY,58,1926,
ROBBERY,59,559,
ROBBERY,6,4162,
ROBBERY,60,715,
ROBBERY,61,4023,
ROBBERY,62,761,
ROBBERY,63,2020,
ROBBERY,64,318,
ROBBERY,65,1360,
ROBBERY,66,6877,
ROBBERY,67,6624,
ROBBERY,68,6893,
ROBBERY,69,7295,
ROBBERY,7,2439,
ROBBERY,70,2252,
ROBBERY,71,7501,
ROBBERY,72,657,
ROBBERY,73,2807,
ROBBERY,74,166,
ROBBERY,75,1413,
ROBBERY,76,131,
ROBBERY,77,1916,
ROBBERY,8,4451,
ROBBERY,9,31,
SEX OFFENSE,,2568,
SEX OFFENSE,1,409,
SEX OFFENSE,10,124,
SEX OFFENSE,11,104,
SEX OFFENSE,12,33,
SEX OFFENSE,13,123,
SEX OFFENSE,14,331,
SEX OFFENSE,15,309,
SEX OFFENSE,16,352,
SEX OFFENSE,17,169,
SEX OFFENSE,18,47,
SEX OFFENSE,19,492,
SEX OFFENSE,2,301,
SEX OFFENSE,20,160,
SEX OFFENSE,21,246,
SEX OFFENSE,22,501,
SEX OFFENSE,23,495,
SEX OFFENSE,24,621,
SEX OFFENSE,25,903,
SEX OFFENSE,26,210,
SEX OFFENSE,27,264,
SEX OFFENSE,28,520,
SEX OFFENSE,29,454,
SEX OFFENSE,3,623,
SEX OFFENSE,30,512,
SEX OFFENSE,31,288,
SEX OFFENSE,32,473,
SEX OFFENSE,33,104,
SEX OFFENSE,34,75,
SEX OFFENSE,35,190,
SEX OFFENSE,36,45,
SEX OFFENSE,37,43,
SEX OFFENSE,38,230,
SEX OFFENSE,39,98,
SEX OFFENSE,4,219,
SEX OFFENSE,40,171,
SEX OFFENSE,41,146,
SEX OFFENSE,42,338,
SEX OFFENSE,43,521,
SEX OFFENSE,44,291,
SEX OFFENSE,45,76,
SEX OFFENSE,46,349,
SEX OFFENSE,47,24,
SEX OFFENSE,48,70,
SEX OFFENSE,49,464,
SEX OFFENSE,5,131,
SEX OFFENSE,50,85,
SEX OFFENSE,51,93,
SEX OFFENSE,52,136,
SEX OFFENSE,53,291,
SEX OFFENSE,54,110,
SEX OFFENSE,55,40,
SEX OFFENSE,56,187,
SEX OFFENSE,57,108,
SEX OFFENSE,58,376,
SEX OFFENSE,59,111,
SEX OFFENSE,6,470,
SEX OFFENSE,60,156,
SEX OFFENSE,61,486,
SEX OFFENSE,62,105,
SEX OFFENSE,63,281,
SEX OFFENSE,64,89,
SEX OFFENSE,65,193,
SEX OFFENSE,66,513,
SEX OFFENSE,67,486,
SEX OFFENSE,68,481,
SEX OFFENSE,69,425,
SEX OFFENSE,7,329,
SEX OFFENSE,70,196,
SEX OFFENSE,71,449,
SEX OFFENSE,72,81,
SEX OFFENSE,73,220,
SEX OFFENSE,74,74,
SEX OFFENSE,75,120,
SEX OFFENSE,76,91,
SEX OFFENSE,77,260,
SEX OFFENSE,8,506,
SEX OFFENSE,9,45,
STALKING,,263,
STALKING,1,38,
STALKING,10,15,
STALKING,11,24,
STALKING,12,7,
STALKING,13,13,
STALKING,14,27,
STALKING,15,32,
STALKING,16,42,
STALKING,17,19,
STALKING,18,1,
STALKING,19,35,
STALKING,2,41,
STALKING,20,14,
STALKING,21,27,
STALKING,22,61,
STALKING,23,80,
STALKING,24,80,
STALKING,25,89,
STALKING,26,25,
STALKING,27,62,
STALKING,28,72,
STALKING,29,66,
STALKING,3,30,
STALKING,30,53,
STALKING,31,33,
STALKING,32,85,
STALKING,33,35,
STALKING,34,12,
STALKING,35,26,
STALKING,36,7,
STALKING,37,9,
STALKING,38,32,
STALKING,39,16,
STALKING,4,27,
STALKING,40,18,
STALKING,41,20,
STALKING,42,40,
STALKING,43,90,
STALKING,44,102,
STALKING,45,22,
STALKING,46,60,
STALKING,47,5,
STALKING,48,24,
STALKING,49,72,
STALKING,5,31,
STALKING,50,22,
STALKING,51,29,
STALKING,52,17,
STALKING,53,48,
STALKING,54,18,
STALKING,55,19,
STALKING,56,21,
STALKING,57,8,
STALKING,58,28,
STALKING,59,14,
STALKING,6,51,
STALKING,60,20,
STALKING,61,27,
STALKING,62,17,
STALKING,63,24,
STALKING,64,15,
STALKING,65,21,
STALKING,66,42,
STALKING,67,48,
STALKING,68,51,
STALKING,69,73,
STALKING,7,31,
STALKING,70,33,
STALKING,71,88,
STALKING,72,16,
STALKING,73,33,
STALKING,74,18,
STALKING,75,28,
STALKING,76,12,
STALKING,77,27,
STALKING,8,85,
STALKING,9,5,
THEFT,,123084,
THEFT,0,20,
THEFT,1,17655,
THEFT,10,6316,
THEFT,11,5234,
THEFT,12,2572,
THEFT,13,5329,
THEFT,14,10023,
THEFT,15,16529,
THEFT,16,14111,
THEFT,17,7779,
THEFT,18,3164,
THEFT,19,20470,
THEFT,2,17123,
THEFT,20,5216,
THEFT,21,12426,
THEFT,22,33316,
THEFT,23,23293,
THEFT,24,52717,
THEFT,25,46355,
THEFT,26,11421,
THEFT,27,13087,
THEFT,28,52245,
THEFT,29,20157,
THEFT,3,19897,
THEFT,30,15585,
THEFT,31,12001,
THEFT,32,63421,
THEFT,33,12392,
THEFT,34,5426,
THEFT,35,11647,
THEFT,36,2067,
THEFT,37,3434,
THEFT,38,12846,
THEFT,39,7733,
THEFT,4,10734,
THEFT,40,8192,
THEFT,41,11191,
THEFT,42,12505,
THEFT,43,28860,
THEFT,44,25073,
THEFT,45,6009,
THEFT,46,15509,
THEFT,47,1213,
THEFT,48,6283,
THEFT,49,22160,
THEFT,5,10557,
THEFT,50,3961,
THEFT,51,6538,
THEFT,52,4060,
THEFT,53,11778,
THEFT,54,2471,
THEFT,55,2339,
THEFT,56,9458,
THEFT,57,4904,
THEFT,58,8790,
THEFT,59,6055,
THEFT,6,40537,
THEFT,60,7662,
THEFT,61,19038,
THEFT,62,4879,
THEFT,63,8874,
THEFT,64,4326,
THEFT,65,13389,
THEFT,66,20673,
THEFT,67,22567,
THEFT,68,20038,
THEFT,69,19783,
THEFT,7,38247,
THEFT,70,9986,
THEFT,71,23910,
THEFT,72,5487,
THEFT,73,11621,
THEFT,74,3136,
THEFT,75,9091,
THEFT,76,9305,
THEFT,77,15483,
THEFT,8,75062,
THEFT,9,1168,
WEAPONS VIOLATION,,5584,
WEAPONS VIOLATION,1,730,
WEAPONS VIOLATION,10,65,
WEAPONS VIOLATION,11,74,
WEAPONS VIOLATION,12,12,
WEAPONS VIOLATION,13,107,
WEAPONS VIOLATION,14,376,
WEAPONS VIOLATION,15,370,
WEAPONS VIOLATION,16,327,
WEAPONS VIOLATION,17,132,
WEAPONS VIOLATION,18,36,
WEAPONS VIOLATION,19,979,
WEAPONS VIOLATION,2,381,
WEAPONS VIOLATION,20,441,
WEAPONS VIOLATION,21,319,
WEAPONS VIOLATION,22,732,
WEAPONS VIOLATION,23,2169,
WEAPONS VIOLATION,24,1040,
WEAPONS VIOLATION,25,4317,
WEAPONS VIOLATION,26,1316,
WEAPONS VIOLATION,27,1288,
WEAPONS VIOLATION,28,812,
WEAPONS VIOLATION,29,2010,
WEAPONS VIOLATION,3,416,
WEAPONS VIOLATION,30,1211,
WEAPONS VIOLATION,31,671,
WEAPONS VIOLATION,32,193,
WEAPONS VIOLATION,33,154,
WEAPONS VIOLATION,34,122,
WEAPONS VIOLATION,35,422,
WEAPONS VIOLATION,36,110,
WEAPONS VIOLATION,37,269,
WEAPONS VIOLATION,38,743,
WEAPONS VIOLATION,39,243,
WEAPONS VIOLATION,4,145,
WEAPONS VIOLATION,40,750,
WEAPONS VIOLATION,41,131,
WEAPONS VIOLATION,42,1181,
WEAPONS VIOLATION,43,1921,
WEAPONS VIOLATION,44,1199,
WEAPONS VIOLATION,45,379,
WEAPONS VIOLATION,46,1567,
WEAPONS VIOLATION,47,98,
WEAPONS VIOLATION,48,339,
WEAPONS VIOLATION,49,2224,
WEAPONS VIOLATION,5,115,
WEAPONS VIOLATION,50,277,
WEAPONS VIOLATION,51,512,
WEAPONS VIOLATION,52,381,
WEAPONS VIOLATION,53,1626,
WEAPONS VIOLATION,54,383,
WEAPONS VIOLATION,55,85,
WEAPONS VIOLATION,56,435,
WEAPONS VIOLATION,57,155,
WEAPONS VIOLATION,58,682,
WEAPONS VIOLATION,59,168,
WEAPONS VIOLATION,6,249,
WEAPONS VIOLATION,60,195,
WEAPONS VIOLATION,61,2054,
WEAPONS VIOLATION,62,141,
WEAPONS VIOLATION,63,706,
WEAPONS VIOLATION,64,102,
WEAPONS VIOLATION,65,207,
WEAPONS VIOLATION,66,1818,
WEAPONS VIOLATION,67,2986,
WEAPONS VIOLATION,68,2408,
WEAPONS VIOLATION,69,1779,
WEAPONS VIOLATION,7,147,
WEAPONS VIOLATION,70,413,
WEAPONS VIOLATION,71,2115,
WEAPONS VIOLATION,72,95,
WEAPONS VIOLATION,73,887,
WEAPONS VIOLATION,74,49,
WEAPONS VIOLATION,75,488,
WEAPONS VIOLATION,76,133,
WEAPONS VIOLATION,77,250,
WEAPONS VIOLATION,8,646,
WEAPONS VIOLATION,9,7,
